ID,"Investor Name","Investor Type","Investor Country","Found Domain",Website,"Search Strategy",Status
660,UBP,"Bank/Financial Institution",Switzerland,ubp.com,https://www.ubp.com,direct_website,FOUND
661,Remaco,"Bank/Financial Institution",Switzerland,remaco.com,https://www.remaco.com,duckduckgo_search,FOUND
662,Ilmarinen,"Pension - Public",Finland,ilmarinen.fi,https://www.ilmarinen.fi,duckduckgo_search,FOUND
663,"Den Danske WM","Fund of Funds",Denmark,danskebank.dk,https://www.danskebank.dk,duckduckgo_search,FOUND
664,"Shell AM","Pension - Private Non-ERISA",Netherlands,shellpensioen.nl,https://www.shellpensioen.nl,duckduckgo_search,FOUND
665,Varma,"Pension - Public",Finland,varma.fi,https://www.varma.fi,duckduckgo_search,FOUND
667,"Venus (Niarchos)","Family Office",Monaco,altss.com,https://www.altss.com,duckduckgo_search,FOUND
669,Tethys,"Family Office",France,familyofficehub.io,https://www.familyofficehub.io,duckduckgo_search,FOUND
670,ADIA,"Sovereign Wealth Fund",UAE,adia.com,https://www.adia.com,direct_website,FOUND
671,GIC,"Sovereign Wealth Fund",Singapore,gic.com.sg,https://www.gic.com.sg,duckduckgo_search,FOUND
672,"Aeon Investments","Fund of Funds",GB,aeoninvestments.com,https://www.aeoninvestments.com,direct_website,FOUND
673,Railpen,Pension,GB,railpen.com,https://www.railpen.com,direct_website,FOUND
674,Pluris,"Family Office",GB,pluris.com,https://www.pluris.com,direct_website,FOUND
675,QIA,"Sovereign Wealth Fund",Qatar,qia.qa,https://www.qia.qa,direct_website,FOUND
676,HarbourVest,,US,harbourvest.com,,duckduckgo_search,FOUND
677,Merseyside,Pension,GB,merseyside.com,https://www.merseyside.com,direct_website,FOUND
678,"RJH Investments","Individual (HNW)",US,sofi.com,,duckduckgo_search,FOUND
679,Leicestershire,Pension,GB,leicestershire.com,https://leicestershire.com,direct_website,FOUND
680,TPT,Pension,GB,memberonline.tpt.org.uk,https://memberonline.tpt.org.uk,duckduckgo_search,FOUND
681,SantaLucia,"Bank/Financial Institution",ES,santalucia.org,https://www.santalucia.org,direct_website,FOUND
682,"Church Commissioners","Non-Profit - Endowment",GB,thinkinganglicans.org.uk,https://www.thinkinganglicans.org.uk,duckduckgo_search,FOUND
683,"Wellness Holdings","Family Office",IT,familyofficeassociation.us,https://www.familyofficeassociation.us,duckduckgo_search,FOUND
684,Generali,"Bank/Financial Institution",IT,bancagenerali.com,,duckduckgo_search,FOUND
685,"Taiyo Life","Bank/Financial Institution",JP,td-holdings.co.jp,https://www.td-holdings.co.jp,duckduckgo_search,FOUND
686,SHEPP,Pension,CA,shepp.com,https://www.shepp.com,direct_website,FOUND
687,Jersey,"Sovereign Wealth Fund",GB,business.ciiom.hsbc.com,https://www.business.ciiom.hsbc.com,duckduckgo_search,FOUND
688,CAAT,Pension,CA,caat.com,,direct_website,FOUND
689,"Alaska Permanent","Sovereign Wealth Fund",USA,apfc.org,https://www.apfc.org,duckduckgo_search,FOUND
690,Stepstone,"Managed Account Platform",CH,stepstone.com,https://www.stepstone.com,direct_website,FOUND
691,Survista,Consultant,CH,survista.ch,,duckduckgo_search,FOUND
692,Decalia,,CH,decalia.com,,duckduckgo_search,FOUND
693,Tesco,Pension,GB,pensionwebsite.co.uk,https://www.pensionwebsite.co.uk,duckduckgo_search,FOUND
694,"Wisayah (ex Aramco)","Pension - Public","Saudi Arabia",linkedin.com,https://www.linkedin.com,duckduckgo_search,FOUND
695,"Texas Teachers","Pension - Private Non-ERISA",US,trs.texas.gov,https://www.trs.texas.gov,duckduckgo_search,FOUND
697,Lighthouse,"Fund of Funds",USA,lighthousepartners.com,https://www.lighthousepartners.com,duckduckgo_search,FOUND
698,"Ohio Teachers",Pension,US,strsoh.org,,duckduckgo_search,FOUND
699,"SBAF (Florida)",Pension,US,en.wikipedia.org,,duckduckgo_search,FOUND
700,"Ohio Teachers",Pension,US,strsoh.org,,duckduckgo_search,FOUND
701,Aksia,,,aksia.com,https://www.aksia.com,duckduckgo_search,FOUND
702,"SuMi Trust (SMTB)","Bank/Financial Institution",Japan,smtb.jp,,duckduckgo_search,FOUND
703,"Dai-ichi Life","Bank/Financial Institution",Japan,dai-ichi-life.co.jp,https://www.dai-ichi-life.co.jp,duckduckgo_search,FOUND
704,Nomura,"Bank/Financial Institution",Japan,nomura.co.jp,https://www.nomura.co.jp,direct_website,FOUND
705,Nomura,"Bank/Financial Institution",Japan,nomura.co.jp,https://www.nomura.co.jp,direct_website,FOUND
706,"Flick Privatstiftung","Family Office",Austria,linkedin.com,https://www.linkedin.com,duckduckgo_search,FOUND
707,"AMCS Privatstiftung","Family Office",Austria,amcsps.com,,duckduckgo_search,FOUND
708,"de Heinrich Family","Family Office",Switzerland,dakota.com,https://www.dakota.com,duckduckgo_search,FOUND
709,"Nordea IM",Corporate,Denmark,nordea.com,https://www.nordea.com,duckduckgo_search,FOUND
710,"European Value Fund","Family Office","Switzerland / Luxembourg",privatebanking.hsbc.com,https://www.privatebanking.hsbc.com,duckduckgo_search,FOUND
711,"Time Family Office","Family Office",GB,altss.com,https://www.altss.com,duckduckgo_search,FOUND
712,"VBV-Pensionskasse AG","Pension - Private Non-ERISA",Austria,vbv.at,https://www.vbv.at,duckduckgo_search,FOUND
713,"Seiryu Asset Mgmt","Fund of Funds",Japan,seiryuam.com,https://www.seiryuam.com,duckduckgo_search,FOUND
714,"Seiryu Asset Mgmt","Fund of Funds",Japan,seiryuam.com,https://www.seiryuam.com,duckduckgo_search,FOUND
715,"Seiryu Asset Mgmt","Fund of Funds",Japan,seiryuam.com,https://www.seiryuam.com,duckduckgo_search,FOUND
716,"SMD Asset Mgmt","Fund of Funds",Japan,smd-am.co.jp,https://www.smd-am.co.jp,duckduckgo_search,FOUND
717,"SMD Asset Mgmt","Fund of Funds",Japan,smd-am.co.jp,https://www.smd-am.co.jp,duckduckgo_search,FOUND
718,Mercer,Consultant,Global,,,not_found,NOT_FOUND
719,"Caledon Partners","Family Office","GB,AU,IT",venturebanc.com,https://www.venturebanc.com,duckduckgo_search,FOUND
720,"Dai-ichi Life","Bank/Financial Institution",Japan,dai-ichi-life.co.jp,https://www.dai-ichi-life.co.jp,duckduckgo_search,FOUND
721,Perpetual,"Family Office",Germany,prptl.com,https://www.prptl.com,duckduckgo_search,FOUND
722,CRTS,Insurer,GB,crts.cloud,https://www.crts.cloud,duckduckgo_search,FOUND
723,"Asset Mgmt One Alt Inv","Fund of Funds",Japan,am-one.co.jp,https://www.am-one.co.jp,duckduckgo_search,FOUND
724,Aon,"Foreign Pension",Worldwide,aon.com,,duckduckgo_search,FOUND
725,"Asset Mgmt One Alt Inv","Fund of Funds",Japan,am-one.co.jp,https://www.am-one.co.jp,duckduckgo_search,FOUND
726,"Mitsubishi UFJ Alternative Inv.","Fund of Funds",Japan,alt.tr.mufg.jp,https://www.alt.tr.mufg.jp,duckduckgo_search,FOUND
727,"W&W Asset Management GmbH (BF Capital)","Bank/Financial Institution",Germany,ww-ag.com,https://www.ww-ag.com,duckduckgo_search,FOUND
728,"GSAM AIMS","Fund of Funds",Global,am.gs.com,,duckduckgo_search,FOUND
729,"Julius Baer","Family Office",Switzerland,juliusbaer.com,https://www.juliusbaer.com,direct_website,FOUND
730,"Mitsui Alternative Investments","Fund of Funds",Japan,mitsui.com,https://www.mitsui.com,duckduckgo_search,FOUND
731,"Mitsui Alternative Investments","Fund of Funds",Japan,mitsui.com,https://www.mitsui.com,duckduckgo_search,FOUND
732,"Nissay Asset Mgmt","Fund of Funds",Japan,fintool.com,https://www.fintool.com,duckduckgo_search,FOUND
733,"Nissay Asset Mgmt","Fund of Funds",Japan,,,not_found,NOT_FOUND
734,"Partners Capital","Fund of Funds",US,investopedia.com,https://www.investopedia.com,duckduckgo_search,FOUND
738,"Border to Coast LGPS",Pension,GB,bordertocoast.org.uk,https://www.bordertocoast.org.uk,duckduckgo_search,FOUND
739,"Brunel LGPS",Pension,GB,brunelpensionpartnership.org,https://www.brunelpensionpartnership.org,duckduckgo_search,FOUND
741,SDCERS,Pension,US,sdcers.org,https://www.sdcers.org,direct_website,FOUND
742,"Daido Life Insurance","Bank/Financial Institution",Japan,td-holdings.co.jp,https://www.td-holdings.co.jp,duckduckgo_search,FOUND
743,"Asahi Life Insurance","Bank/Financial Institution",Japan,,,not_found,NOT_FOUND
744,"SMBC Nikko Securities","Bank/Financial Institution",Japan,smbcnikko.co.jp,https://www.smbcnikko.co.jp,duckduckgo_search,FOUND
745,"Dai-ichi Frontier Life","Bank/Financial Institution",Japan,bnt.brookfield.com,https://bnt.brookfield.com,duckduckgo_search,FOUND
746,Alashram,"Family Office",UAE,alashram.ae,https://www.alashram.ae,direct_website,FOUND
747,"El Ajou","Family Office","Saudi Arabia",altss.com,https://www.altss.com,duckduckgo_search,FOUND
748,"Mercuria Investment","Fund of Funds",Japan,asia.nikkei.com,https://asia.nikkei.com,duckduckgo_search,FOUND
749,"Hamilton Lane",,,hamiltonlane.com,,duckduckgo_search,FOUND
750,Fedesa,"Family Office",,cbinsights.com,https://www.cbinsights.com,duckduckgo_search,FOUND
751,"Golding Capital GMBH","Fund of Funds",Germany,goldingfx.com,https://www.goldingfx.com,duckduckgo_search,FOUND
752,"SEB Pension",Pension,Sweden,sebgroup.com,https://www.sebgroup.com,duckduckgo_search,FOUND
753,Fabco,"Family Office",Luxembourg,lafo.lu,,duckduckgo_search,FOUND
754,"Müller Milch Management","Family Office","Germany / Luxembourg",muellergroup.com,https://www.muellergroup.com,duckduckgo_search,FOUND
755,"Annie E. Casey Foundation","Non-Profit - Foundation",US,aecf.org,https://www.aecf.org,duckduckgo_search,FOUND
756,Lunate,"Sovereign Wealth Fund",UAE,economymiddleeast.com,https://www.economymiddleeast.com,duckduckgo_search,FOUND
757,Dominus,"Family Office",Brazil,dakota.com,https://www.dakota.com,duckduckgo_search,FOUND
758,LGTCP,"Family Office",Switzerland,lgtcp.com,https://www.lgtcp.com,duckduckgo_search,FOUND
759,"Höegh FO","Family Office",GB,bizprofile.net,,duckduckgo_search,FOUND
760,"Luzern PK","Foreign Pension",Switzerland,lupk.ch,https://www.lupk.ch,duckduckgo_search,FOUND
761,"Local Resources","Family Office",Switzerland,dakota.com,https://www.dakota.com,duckduckgo_search,FOUND
762,"Palmyra Holdings","Family Office",Switzerland,dnb.com,,duckduckgo_search,FOUND
763,VER,"Pension - Public",Finland,ver.fi,https://www.ver.fi,duckduckgo_search,FOUND
764,SHL,"Family Office",GB,dev.swfinstitute.org,https://dev.swfinstitute.org,duckduckgo_search,FOUND
765,SHL,"Family Office",GB,shl.com,,duckduckgo_search,FOUND
766,Cavamont,"Family Office",Cayman,cavamont.com,https://www.cavamont.com,direct_website,FOUND
767,Bluemetric,"Family Office",Netherlands,bluemetric.nl,https://www.bluemetric.nl,duckduckgo_search,FOUND
768,Tellco,Pension,Switzerland,tellco.ch,https://www.tellco.ch,direct_website,FOUND
769,SUVA,Pension,Switzerland,suva.ch,,duckduckgo_search,FOUND
770,"Morgan Stanley",,,login.morganstanleyclientserv.com,,duckduckgo_search,FOUND
771,"Sumitomo Life Insurance","Bank/Financial Institution",Japan,fsa.go.jp,https://www.fsa.go.jp,duckduckgo_search,FOUND
772,Primwest,"Family Office",CH,primwest.com,http://www.primwest.com,direct_website,FOUND
773,"SITFO (Utah School and Institutional Trust Funds Office)","Sovereign Wealth Fund",US,sitfo.utah.gov,https://sitfo.utah.gov,duckduckgo_search,FOUND
774,Schenker,"Individual (HNW)",CH,schenker.org,https://www.schenker.org,direct_website,FOUND
775,Schroders,"Bank/Financial Institution",GB,schroders.com,,duckduckgo_search,FOUND
776,"University of Oklahoma Foundation","Non-Profit - Endowment",US,home.oufoundation.org,https://home.oufoundation.org,duckduckgo_search,FOUND
777,"Asahi Life Insurance","Bank/Financial Institution",Japan,asahi-life.co.jp,https://www.asahi-life.co.jp,duckduckgo_search,FOUND
778,"ORIX Life","Bank/Financial Institution",Japan,orix.co.jp,https://www.orix.co.jp,duckduckgo_search,FOUND
779,"ORIX Life","Bank/Financial Institution",Japan,orix.co.jp,https://www.orix.co.jp,duckduckgo_search,FOUND
780,"SION Hall","Family Office",GB,find-and-update.company-information.service.gov.uk,https://find-and-update.company-information.service.gov.uk,duckduckgo_search,FOUND
781,"Aizawa Securities","Bank/Financial Institution",Japan,aizawa.co.jp,https://www.aizawa.co.jp,duckduckgo_search,FOUND
782,"Imamura Securities","Bank/Financial Institution",Japan,marketscreener.com,https://www.marketscreener.com,duckduckgo_search,FOUND
783,"Future Fund","Sovereign Wealth Fund",Australia,futurefund.gov.au,,duckduckgo_search,FOUND
784,"UJA-Federation of New York","Non-Profit - Foundation",US,ujafedny.org,https://www.ujafedny.org,duckduckgo_search,FOUND
785,Destra,"Family Office",,destramultifamily.com,,duckduckgo_search,FOUND
786,"Nicola Wealth",,Canada,nicolawealth.com,https://www.nicolawealth.com,direct_website,FOUND
787,"Kefren Capital","Family Office",ES,kefren.net,https://www.kefren.net,direct_website,FOUND
788,"Peakline Partners, LLC","Family Office",US,peakline.com,,duckduckgo_search,FOUND
789,"Arax Investment Partners","Family Office",US,,,not_found,NOT_FOUND
790,"Fort Worth",Pension,US,fortworth.com,https://www.fortworth.com,direct_website,FOUND
791,"TIBAG Family Office","Family Office",Austria,preqin.com,https://www.preqin.com,duckduckgo_search,FOUND
792,Lothian,Pension,GB,lpf.org.uk,https://www.lpf.org.uk,duckduckgo_search,FOUND
793,LGPSC,Pension,GB,gov.uk,https://www.gov.uk,duckduckgo_search,FOUND
794,"South Carolina Retirement System Investment Commission (RSIC)","Pension - Private Non-ERISA",US,rsic.sc.gov,https://www.rsic.sc.gov,duckduckgo_search,FOUND
795,Investcorp-Tages,"Fund of Funds",US,investcorptages.com,https://www.investcorptages.com,direct_website,FOUND
796,"National Railroad Trust (NRRIT)","Pension - Private Non-ERISA",US,rrb.gov,https://www.rrb.gov,duckduckgo_search,FOUND
797,Altamar,,Spain,tripadvisor.com,,duckduckgo_search,FOUND
798,ACM,"Family Office",US,acm.com,https://www.acm.com,direct_website,FOUND
799,Albourne,Consultant,,albourne.com,https://www.albourne.com,direct_website,FOUND
800,"Abu Dhabi Pension Fund","Foreign Pension","United Arab Emirates",pension.gov.ae,https://www.pension.gov.ae,duckduckgo_search,FOUND
801,"RIVA Investment","Family Office","Saudi Arabia",riva.com.sa,https://www.riva.com.sa,duckduckgo_search,FOUND
802,Piting,"Family Office",Singapore,companies.sg,,duckduckgo_search,FOUND
803,"Emirates Investment Authority (EIA)","Sovereign Wealth Fund",,eia.gov.ae,https://www.eia.gov.ae,duckduckgo_search,FOUND
804,Novartis,Corporate,,novartis.com,https://www.novartis.com,direct_website,FOUND
805,B10,"Family Office",Finland,b10.fi,https://www.b10.fi,direct_website,FOUND
806,Balentine,"Family Office",,balentine.com,https://www.balentine.com,direct_website,FOUND
807,"Golden Alpha","Family Office",Bermuda,royalgazette.com,https://www.royalgazette.com,duckduckgo_search,FOUND
808,"Copos Capital","Family Office",Luxembourg,lafo.lu,,duckduckgo_search,FOUND
809,Oldendorff,"Family Office",Germany,oldendorff.com,https://www.oldendorff.com,direct_website,FOUND
810,"BTG Pactual","Bank/Financial Institution",Brazil,ri.btgpactual.com,https://ri.btgpactual.com,duckduckgo_search,FOUND
811,AustraliaSuper,"Pension - Public","AU,GB",australiansuper.com,https://australiansuper.com,duckduckgo_search,FOUND
812,"Council (Adic)","Sovereign Wealth Fund",UAE,adic.ae,https://www.adic.ae,duckduckgo_search,FOUND
813,Bluearc,"Fund of Funds",USA,bluearccapital.com,https://www.bluearccapital.com,duckduckgo_search,FOUND
814,"Wealth Management Partners","Family Office",Netherlands,dakota.com,https://www.dakota.com,duckduckgo_search,FOUND
815,Ardys,"Family Office",Netherlands,ardys.com,,duckduckgo_search,FOUND
816,"Bedrock Group","Family Office",GB,bedrock.org,https://bedrock.org,direct_website,FOUND
817,BIMCOR,Pension,Canada,bce.ca,https://www.bce.ca,duckduckgo_search,FOUND
818,"Allianz Trade","Bank/Financial Institution",France,allianz-trade.com,,duckduckgo_search,FOUND
819,CARAC,"Foreign Pension",,irs.gov,https://www.irs.gov,duckduckgo_search,FOUND
820,LetterOne,"Bank/Financial Institution",,letterone.com,https://www.letterone.com,duckduckgo_search,FOUND
821,BBVA,"Fund of Funds",Spain,bbva.com,https://www.bbva.com,direct_website,FOUND
822,Klarphos,"Bank/Financial Institution",Luxembourg,klarphos.com,https://www.klarphos.com,direct_website,FOUND
823,"InPact Partners","Bank/Financial Institution",Switzerland,yellowpages.swiss,https://www.yellowpages.swiss,duckduckgo_search,FOUND
824,"2.718 PRIVATE INVESTMENTS","Family Office",GB,2718.capital,https://www.2718.capital,duckduckgo_search,FOUND
825,"Siusi Spa","Family Office",Italy,siusispa.it,https://www.siusispa.it,direct_website,FOUND
826,"EGF Bank","Bank/Financial Institution",,americanfederalbank.com,,duckduckgo_search,FOUND
827,"Alta Advisors","Family Office",,altafos.com,https://www.altafos.com,duckduckgo_search,FOUND
828,Meketa,,,meketa.com,https://www.meketa.com,duckduckgo_search,FOUND
829,EVLI,"Pension - Public",Finland,etk.fi,https://www.etk.fi,duckduckgo_search,FOUND
830,Dasym,"Family Office",Netherlands,dasym.com,https://www.dasym.com,duckduckgo_search,FOUND
831,"Capital Generation Partners","Family Office",GB,generation.org,https://www.generation.org,direct_website,FOUND
832,"Orous Capital","Bank/Financial Institution",France,banque-france.fr,https://www.banque-france.fr,duckduckgo_search,FOUND
833,Ingka,Corporate,IE,ingka.com,https://www.ingka.com,direct_website,FOUND
834,"Herz family","Family Office",Germany,en.wikipedia.org,,duckduckgo_search,FOUND
835,"Pictet Alternative Advisors","Fund of Funds",Switzerland,pictet.com,,duckduckgo_search,FOUND
836,"Makena Capital Management","Fund of Funds",US,makena.org,https://www.makena.org,direct_website,FOUND
837,"Ohio State University","Non-Profit - Endowment",USA,osugiving.com,https://www.osugiving.com,duckduckgo_search,FOUND
838,TVA,"Pension - Private Non-ERISA",USA,legalclarity.org,https://www.legalclarity.org,duckduckgo_search,FOUND
839,"Emory University","Non-Profit - Endowment",US,news.emory.edu,https://www.news.emory.edu,duckduckgo_search,FOUND
840,"Harwood Capital","Family Office",GB,harwood.org,https://www.harwood.org,direct_website,FOUND
841,Migdal,"Pension - Private Non-ERISA",Israel,migdal.org,https://www.migdal.org,direct_website,FOUND
842,"NewAlpha Asset Management","Fund of Funds",FR,newalpha.com,https://www.newalpha.com,duckduckgo_search,FOUND
843,"Al Rashed Global Holding","Family Office",UAE,alrashedglobal.com,http://www.alrashedglobal.com,duckduckgo_search,FOUND
844,"WTW (Willis Towers Watson)","Foreign Pension",GB,wtwco.com,https://www.wtwco.com,duckduckgo_search,FOUND
845,"ACCESS LGPS",Pension,GB,accesspool.org,https://www.accesspool.org,duckduckgo_search,FOUND
846,"Childrens Healthcare of Atlanta (CHoA)","Non-Profit - Foundation",US,choa.org,,duckduckgo_search,FOUND
847,"TIFF Investment Management","Fund of Funds",US,tiff.org,,duckduckgo_search,FOUND
848,"Studen Global","Family Office",Austria,studen-global.com,https://www.studen-global.com,duckduckgo_search,FOUND
849,"FAB (First Abu Dhabi BAnk)","Bank/Financial Institution","Abu Dhabi",bankfab.com,https://www.bankfab.com,duckduckgo_search,FOUND
850,"Carnegie Mellon University","Non-Profit - Endowment",USA,cmu.edu,https://www.cmu.edu,duckduckgo_search,FOUND
851,UPP,"Non-Profit - Endowment",Canada,myupp.ca,,duckduckgo_search,FOUND
852,"Anthos Fund & AM","Family Office",Netherlands,anthosam.com,https://www.anthosam.com,duckduckgo_search,FOUND
853,"ISIO Consulting",Consultant,GB,isio.com,https://www.isio.com,duckduckgo_search,FOUND
854,"Tomlinson Family Office","Family Office",Switzerland,,,not_found,NOT_FOUND
855,"SBI Okasan Asset Mgmt","Bank/Financial Institution",Japan,sbigroup.co.jp,https://www.sbigroup.co.jp,duckduckgo_search,FOUND
856,"Menora Mivtachim","Foreign Pension",Israel,menoramivt.co.il,https://www.menoramivt.co.il,duckduckgo_search,FOUND
857,Unigestion,"Fund of Funds",Switzerland,unigestion.com,https://www.unigestion.com,direct_website,FOUND
858,"UBS Wealth/Alt","Fund of Funds",Switzerland,ubs.com,,duckduckgo_search,FOUND
859,"HQ Trust","Family Office",,hqholding.com,https://www.hqholding.com,duckduckgo_search,FOUND
860,"Quintet Bank","Fund of Funds","Luxembourg, pan Europe/UK",fintool.com,https://www.fintool.com,duckduckgo_search,FOUND
861,"Stena (Corp&FO)","Family Office",Switzerland,dakota.com,https://www.dakota.com,duckduckgo_search,FOUND
862,"Aksia Japan",Consultant,,aksia.com,https://www.aksia.com,duckduckgo_search,FOUND
864,"8Capital - Ambacher Family Office","Family Office",Austria,at.linkedin.com,http://at.linkedin.com,duckduckgo_search,FOUND
865,1010,"Family Office",Aus,1010capital.com.au,,duckduckgo_search,FOUND
866,1848,"Family Office",GB,1848.net,https://www.1848.net,direct_website,FOUND
868,PG3,"Family Office",Switzerland,pg3.ch,https://www.pg3.ch,direct_website,FOUND
869,"Swiss Re",Insurer,Switzerland,swissre.com,,duckduckgo_search,FOUND
870,"Coller Capital FO","Family Office",GB,news.bloomberglaw.com,,duckduckgo_search,FOUND
871,"Winnipeg County Employees Benefit Plan (WCEBP)",Pension,Canada,wcebp.ca,https://www.wcebp.ca,duckduckgo_search,FOUND
872,"Topaz Capital","Fund of Funds",,topazfund.com,https://www.topazfund.com,duckduckgo_search,FOUND
873,"Local Tapiola","Fund of Funds",Finland,lahitapiola.fi,https://www.lahitapiola.fi,duckduckgo_search,FOUND
874,"UBS AM","Bank/Financial Institution",Global,ubs.com,,duckduckgo_search,FOUND
875,"Bluewell FO","Family Office",GB,bny.com,https://www.bny.com,duckduckgo_search,FOUND
876,"Daido Life Insurance","Bank/Financial Institution",Japan,td-holdings.co.jp,https://www.td-holdings.co.jp,duckduckgo_search,FOUND
877,"Pilot Point","Individual (HNW)",BVI,i-bvi.com,https://www.i-bvi.com,duckduckgo_search,FOUND
878,REYL,"Bank/Financial Institution",Switzerland,reyl.ch,,duckduckgo_search,FOUND
879,"London LGPS CIV",Pension,GB,londonciv.org.uk,https://www.londonciv.org.uk,duckduckgo_search,FOUND
880,"East Riding LGPS",Pension,GB,erpf.org.uk,https://www.erpf.org.uk,duckduckgo_search,FOUND
881,"Anthony de Heinrich","Individual (HNW)",Switzlerland,rocketreach.co,https://www.rocketreach.co,duckduckgo_search,FOUND
882,"Waterfield Advisers","Family Office",India,waterfieldadvisors.com,https://waterfieldadvisors.com,duckduckgo_search,FOUND
883,"ASAH LM","Family Office",France,opencorpdata.com,,duckduckgo_search,FOUND
884,"Denoo Sarl","Family Office",,verif.com,https://www.verif.com,duckduckgo_search,FOUND
885,"LSG Holdings","Family Office",GB,lsg.com,https://www.lsg.com,direct_website,FOUND
886,"Mephezalea Asset Services LLP","Family Office",India,asianinvestor.net,,duckduckgo_search,FOUND
888,"Bugle Rock Capital","Family Office",Singapore,buglerock.sg,https://www.buglerock.sg,duckduckgo_search,FOUND
889,"Quandt - Seedamm (BMW FO)","Family Office",Germany,thececilygroup.com,https://www.thececilygroup.com,duckduckgo_search,FOUND
890,"SBI Okasan Asset Mgmt","Bank/Financial Institution",Japan,sbigroup.co.jp,https://www.sbigroup.co.jp,duckduckgo_search,FOUND
891,"Phoenix Financial","Bank/Financial Institution",Israel,phoenixfinancial.co.il,https://www.phoenixfinancial.co.il,direct_website,FOUND
892,"One Family Office","Family Office",AE,onefamilyoffice.eu,https://www.onefamilyoffice.eu,duckduckgo_search,FOUND
893,[JCR],,,jcr.clarivate.com,https://jcr.clarivate.com,duckduckgo_search,FOUND
894,synatom,"Foreign Pension",Belgium,taxpatria.be,https://www.taxpatria.be,duckduckgo_search,FOUND
895,NEST,Pension,GB,nest.com,https://www.nest.com,direct_website,FOUND
896,"Grosvenor Capital Management","Fund of Funds",US,grosvenor.com,https://www.grosvenor.com,direct_website,FOUND
897,"Exelon Corporation",Corporate,,exeloncorp.com,https://www.exeloncorp.com,duckduckgo_search,FOUND
898,"Texas Treasury","Pension - Public",US,prb.texas.gov,,duckduckgo_search,FOUND
899,"IMAS Foundation","Non-Profit - Foundation",Netherlands,imasfoundation.org,https://www.imasfoundation.org,duckduckgo_search,FOUND
900,"Tariffs Impact - Questions",,,,,not_found,NOT_FOUND
902,"SuMi Trust (SMTB)","Bank/Financial Institution",Japan,smtb.jp,,duckduckgo_search,FOUND
903,"CAMAltamar / Evonik",Corporate,DE,evonik.com,,duckduckgo_search,FOUND
904,Ampega,Insurer,Germany,ampega.de,https://www.ampega.de,duckduckgo_search,FOUND
905,"Aktia AM Finland","Fund of Funds",Finland,aktia.fi,https://www.aktia.fi,duckduckgo_search,FOUND
906,"KZVK Cologne","Foreign Pension",Germany,kzvk.de,https://www.kzvk.de,duckduckgo_search,FOUND
907,"AXA Winterthur",Insurer,CH,axa.ch,https://www.axa.ch,duckduckgo_search,FOUND
908,"KOSE Pension Fund","Pension - Private Non-ERISA",Japan,e-housing.jp,https://www.e-housing.jp,duckduckgo_search,FOUND
909,"East West Investment Management","Family Office",CA,eastwestfunds.com,https://www.eastwestfunds.com,duckduckgo_search,FOUND
910,"FFC Capital Corporation","Family Office",US,ffc.com,https://www.ffc.com,direct_website,FOUND
912,"Hymans Robertson",Consultant,GB,hymansrobertson.com,https://www.hymansrobertson.com,direct_website,FOUND
913,"Palladio Partners","Fund of Funds",Germany,palladio-partners.com,,duckduckgo_search,FOUND
914,"L&G AM",Insurer,GB,am.landg.us.com,https://www.am.landg.us.com,duckduckgo_search,FOUND
915,PIC,Insurer,GB,pic.com,https://www.pic.com,direct_website,FOUND
916,RGA,Insurer,"GB,JP,US",reinsurancegroupofamericainc.gcs-web.com,,duckduckgo_search,FOUND
918,"USS - Universities Superannuation Scheme",Pension,GB,uss.co.uk,https://www.uss.co.uk,duckduckgo_search,FOUND
919,"Phoenix / Standard Life",Insurer,GB,thephoenixgroup.com,https://www.thephoenixgroup.com,duckduckgo_search,FOUND
921,Beazley,Insurer,GB,beazley.com,https://www.beazley.com,direct_website,FOUND
922,"L&G Re",Insurer,BM,legalandgeneralre.com,https://www.legalandgeneralre.com,duckduckgo_search,FOUND
923,"Lloyds of London",Insurer,,lloyds.com,https://www.lloyds.com,duckduckgo_search,FOUND
925,"Meiji Yasuda Life Insurance",Insurer,Japan,meijiyasuda.co.jp,https://www.meijiyasuda.co.jp,duckduckgo_search,FOUND
926,"Santander Private bank","Bank/Financial Institution","Spain / UAE",difc.com,https://www.difc.com,duckduckgo_search,FOUND
927,"Smarter Capital","Family Office",Australia,smartercapital.net,https://www.smartercapital.net,duckduckgo_search,FOUND
928,"Roger H. Hanson","Individual (HNW)",KY,waystone.com,https://www.waystone.com,duckduckgo_search,FOUND
930,"Fordham University","Non-Profit - Endowment",US,projects.propublica.org,https://projects.propublica.org,duckduckgo_search,FOUND
931,"University of California, Los Angeles (UCLA Investment Company)","Non-Profit - Endowment",US,uclainvestmentcompany.org,,duckduckgo_search,FOUND
932,"Albourne Japan","Fund of Funds",Japan,www-us.albourne.com,https://www-us.albourne.com,duckduckgo_search,FOUND
933,"New York Life Investors",Insurer,"GB,US",newyorklifeinvestments.com,https://www.newyorklifeinvestments.com,duckduckgo_search,FOUND
934,"Aviva Investors",Insurer,GB,avivainvestors.com,https://www.avivainvestors.com,direct_website,FOUND
935,"Scottish Widows",Insurer,,scottishwidows.co.uk,https://www.scottishwidows.co.uk,duckduckgo_search,FOUND
936,"Alameda County Employees Retirement Association","Pension - Private Non-ERISA",US,acera.org,https://www.acera.org,duckduckgo_search,FOUND
937,"Los Angeles City Employees Retirement System (LACERS)","Pension - Private Non-ERISA",US,lacers.org,https://www.lacers.org,duckduckgo_search,FOUND
939,"Cape Capital","Family Office",Switzerland,capecapital.com,https://www.capecapital.com,duckduckgo_search,FOUND
940,"Müller-Möhl Group [MM Grp]","Family Office",Switzerland,mm-grp.com,https://www.mm-grp.com,duckduckgo_search,FOUND
941,"LPPI LGPS",Pension,GB,localpensionspartnership.org.uk,https://www.localpensionspartnership.org.uk,duckduckgo_search,FOUND
942,"Welsh Pension Partnership LGPS",Pension,GB,walespensionpartnership.org,https://www.walespensionpartnership.org,duckduckgo_search,FOUND
943,"Siemens Pension Trust e.V.",Pension,Germany,fintool.com,https://www.fintool.com,duckduckgo_search,FOUND
944,"Pension Fund Association (PFA Japan)","Pension - Private Non-ERISA",Japan,pfa.or.jp,https://www.pfa.or.jp,duckduckgo_search,FOUND
945,Freemont,"Family Office",Switzerland,freemont.com,,duckduckgo_search,FOUND
946,"Pension Protection Fund (PPF)",Pension,GB,ppf.co.uk,https://www.ppf.co.uk,duckduckgo_search,FOUND
947,"Odysseus Capital Management","Individual (HNW)",GB,buttmiller.co.uk,https://www.buttmiller.co.uk,duckduckgo_search,FOUND
948,"GI Capital Management","Fund of Funds",Japan,green-innovation.nedo.go.jp,https://green-innovation.nedo.go.jp,duckduckgo_search,FOUND
949,"HSBC Private Bank","Bank/Financial Institution","GB,CH",privatebanking.hsbc.com,https://www.privatebanking.hsbc.com,duckduckgo_search,FOUND
950,"LCP Consulting",Consultant,GB,uk.linkedin.com,http://uk.linkedin.com,duckduckgo_search,FOUND
951,"University of Florida Investment Corporation","Non-Profit - Endowment",US,,,not_found,NOT_FOUND
952,"United Auto Workers (UAW) Retiree Medical Benefits Trust","Pension - Private Non-ERISA",US,uawtrust.org,,duckduckgo_search,FOUND
953,Fulcrum,"Fund of Funds",GB,fulcrum.com,https://www.fulcrum.com,direct_website,FOUND
954,"Just Retirement",Insurer,GB,justretirement.com,https://www.justretirement.com,direct_website,FOUND
956,"Fairfax County Police Officers Retirement System","Pension - Private Non-ERISA",US,fairfaxcounty.gov,https://www.fairfaxcounty.gov,duckduckgo_search,FOUND
957,"Northrop Grumman Pension Plan","Pension - Private Non-ERISA",US,theretirementgroup.com,https://www.theretirementgroup.com,duckduckgo_search,FOUND
958,"Missouri State Employees Retirement System (MOSERS)","Domestic Pension - ERISA",US,mosers.org,https://www.mosers.org,duckduckgo_search,FOUND
959,"Loma Linda University Health","Non-Profit - Other",US,lomalindauniversityhealth.org,https://www.lomalindauniversityhealth.org,direct_website,FOUND
961,"Ascension Investment Management","Non-Profit - Other",US,nationalnursesunited.org,https://www.nationalnursesunited.org,duckduckgo_search,FOUND
962,"State of Wisconsin Investment Board (SWIB)","Pension - Private Non-ERISA",US,swib.state.wi.us,https://www.swib.state.wi.us,duckduckgo_search,FOUND
963,"Illinois State Board of Investment (ISBI)","Pension - Private Non-ERISA",US,isbinvestment.com,https://www.isbinvestment.com,duckduckgo_search,FOUND
964,"Duchossois Capital Management","Family Office",US,duchossois.com,https://www.duchossois.com,direct_website,FOUND
965,"The World Bank Pension Plan","Pension - Private Non-ERISA",US,worldbank.org,https://www.worldbank.org,duckduckgo_search,FOUND
966,"Trinity Church Wall Street","Non-Profit - Endowment",US,trinitychurchnyc.org,https://www.trinitychurchnyc.org,duckduckgo_search,FOUND
967,"Valida Vorsorge Management","Foreign Pension",AT,vorsorgeportal.valida.at,https://vorsorgeportal.valida.at,duckduckgo_search,FOUND
968,"Uniqa Versicherungen",Insurer,AT,uniqagroup.com,https://www.uniqagroup.com,duckduckgo_search,FOUND
969,"Haub Legacy Management GmbH","Family Office",DE,dnb.com,,duckduckgo_search,FOUND
970,"LBBW Asset Management","Bank/Financial Institution",DE,en.wikipedia.org,,duckduckgo_search,FOUND
971,"Crescendo Capital s.a.","Family Office",CH,wpsa.ch,https://wpsa.ch,duckduckgo_search,FOUND
972,"Rothesay Life",Insurer,GB,rothesay.com,https://www.rothesay.com,duckduckgo_search,FOUND
973,"Sun Life",Insurer,"US,CA,GB",sunlife.com,https://www.sunlife.com,duckduckgo_search,FOUND
974,Blackrock,"Fund of Funds",,blackrock.com,https://www.blackrock.com,duckduckgo_search,FOUND
975,Cambiata,"Family Office",CH,cambiata.com,https://www.cambiata.com,direct_website,FOUND
976,PIC,Insurer,GB,pic.com,https://www.pic.com,direct_website,FOUND
977,"National Life",Insurer,US,nationallife.com,https://www.nationallife.com,direct_website,FOUND
979,"Northwestern University","Non-Profit - Endowment",US,northwestern.edu,https://www.northwestern.edu,duckduckgo_search,FOUND
980,"ISP Vita / Eurizon",Insurer,IT,intesasanpaoloassicurazioni.com,https://www.intesasanpaoloassicurazioni.com,duckduckgo_search,FOUND
981,"Blu Family Office","Family Office",GB,blufamilyoffice.com,https://www.blufamilyoffice.com,direct_website,FOUND
982,"Grosvenor Family Office","Family Office",GB,grosvenor.com,https://www.grosvenor.com,duckduckgo_search,FOUND
985,"L&G Insurance",Insurer,GB,legalandgeneral.com,https://www.legalandgeneral.com,duckduckgo_search,FOUND
986,"University of California, Berkeley Foundation","Non-Profit - Foundation",US,ucberkeleyfoundation.org,,duckduckgo_search,FOUND
987,"Lighthouse Canton","Family Office",SG,lighthouse-canton.com,https://www.lighthouse-canton.com,duckduckgo_search,FOUND
988,"New York City Pension Funds (New York City Comptroller)","Pension - Private Non-ERISA",US,comptroller.nyc.gov,https://www.comptroller.nyc.gov,duckduckgo_search,FOUND
989,"Stonehage Fleming","Family Office","US,GB",stonehagefleming.com,https://www.stonehagefleming.com,direct_website,FOUND
990,"Tsugu AG","Family Office",CH,tsugu.com,https://www.tsugu.com,duckduckgo_search,FOUND
991,"Columbia Investment Management Company","Non-Profit - Endowment",US,finance.columbia.edu,,duckduckgo_search,FOUND
995,MetLife,Insurer,GB,metlife.com,https://www.metlife.com,direct_website,FOUND
996,Aberdeen,"Fund of Funds","US,GB",aberdeeninvestments.com,https://www.aberdeeninvestments.com,duckduckgo_search,FOUND
997,"Sanlam Investments (Sanlam Group)","Fund of Funds",ZA,sanlaminvestments.com,,duckduckgo_search,FOUND
998,"Cornell University","Non-Profit - Endowment",US,statements.cornell.edu,https://www.statements.cornell.edu,duckduckgo_search,FOUND
999,Voya,Insurer,US,voya.com,https://www.voya.com,direct_website,FOUND
1000,"Employees Retirement System of Rhode Island (ERSRI)","Domestic Pension - ERISA",US,ersri.org,https://www.ersri.org,duckduckgo_search,FOUND
1001,"Yimin (Jeff) Zhou","Individual (HNW)",US,apacjournal.squarespace.com,,duckduckgo_search,FOUND
1002,"Hawaii Employees Retirement System (Hawaii ERS)","Pension - Private Non-ERISA",US,ers.ehawaii.gov,,duckduckgo_search,FOUND
1003,"Key Family Wealth (Key Private Bank, KeyBank)","Family Office",US,key.com,,duckduckgo_search,FOUND
1004,Sansiri,"Family Office",TH,ldpuatsf.sansiri.com,https://ldpuatsf.sansiri.com,duckduckgo_search,FOUND
1005,"King Power","Family Office",TH,kingpower.com,https://www.kingpower.com,direct_website,FOUND
1006,"Stihl Family Office","Family Office",DE,corporate.stihl.com,https://www.corporate.stihl.com,duckduckgo_search,FOUND
1007,"The Police & Fire Retirement System of the City of Detroit","Pension - Private Non-ERISA",US,rscd.org,,duckduckgo_search,FOUND
1009,Callan,Consultant,US,callan.com,https://www.callan.com,direct_website,FOUND
1010,"Hawaii Employer-Union Health Benefits Trust","Pension - Private Non-ERISA",US,eutf.hawaii.gov,https://eutf.hawaii.gov,duckduckgo_search,FOUND
1013,"Texas Christian University (TCU)","Non-Profit - Endowment",US,endowment.tcu.edu,https://www.endowment.tcu.edu,duckduckgo_search,FOUND
1016,"Preserver Partners LLC","Fund of Funds",US,preserver.org,https://www.preserver.org,direct_website,FOUND
1017,"Hamilton Lane",Consultant,US,hamiltonlane.com,,duckduckgo_search,FOUND
1018,"Enstar Insurance",Insurer,US,enstargroup.com,,duckduckgo_search,FOUND
1022,Cliffwater,Consultant,US,cliffwater.com,https://www.cliffwater.com,direct_website,FOUND
1024,"LGT Crestone",Corporate,AU,lgtwm.com,https://www.lgtwm.com,duckduckgo_search,FOUND
1026,"Carl Friedrich von Siemens Stiftung","Non-Profit - Foundation",DE,siemens-stiftung.org,https://www.siemens-stiftung.org,duckduckgo_search,FOUND
1027,"City of Hartford Municipal Employees Retirement Fund","Pension - Private Non-ERISA",US,hartfordcitytreasurer.org,https://www.hartfordcitytreasurer.org,duckduckgo_search,FOUND
1029,"Heritage Holdings","Family Office",GB,heritage.org,https://heritage.org,direct_website,FOUND
1030,"Ghost Tree","Fund of Funds",US,whalewisdom.com,https://whalewisdom.com,duckduckgo_search,FOUND
1031,Barings,"Fund of Funds",US,barings.com,https://www.barings.com,direct_website,FOUND
1032,"Nomura Interval Fund","Fund of Funds",US,funds.nomuracapitalmanagement.com,https://funds.nomuracapitalmanagement.com,duckduckgo_search,FOUND
1033,"Corbin Capital","Fund of Funds",US,corbin.com,https://www.corbin.com,direct_website,FOUND
1034,"LyonRoss Capital Management","Fund of Funds",US,lyonross.com,https://www.lyonross.com,direct_website,FOUND
1035,"Tsao Family Office","Family Office",US,tsao.com,https://www.tsao.com,duckduckgo_search,FOUND
1036,"Massachusetts Mutual Life Insurance Company (MassMutual)",Insurer,US,massmutual.com,https://massmutual.com,duckduckgo_search,FOUND
1037,"Robert Wood Johnson Foundation (RWJF)","Non-Profit - Foundation",US,rwjf.org,https://www.rwjf.org,duckduckgo_search,FOUND
1038,"QP Global Family Offices, LLC","Family Office",US,qp-global.com,,duckduckgo_search,FOUND
1039,"Utah Retirement Systems (URS)","Pension - Private Non-ERISA",US,urs.org,https://www.urs.org,duckduckgo_search,FOUND
1040,"Permanent Fund Investments (Southern Utes)","Non-Profit - Foundation",US,southernute-nsn.gov,https://www.southernute-nsn.gov,duckduckgo_search,FOUND
1041,"Russell Investments","Fund of Funds","GB,US",russellinvestments.com,https://www.russellinvestments.com,duckduckgo_search,FOUND
1042,"Irish Strategic Investment Fund","Sovereign Wealth Fund",IE,isif.ie,https://www.isif.ie,duckduckgo_search,FOUND
1043,"Neuberger Berman",Corporate,"US,GB",nb.com,https://nb.com,duckduckgo_search,FOUND
1044,"Corner Banca","Bank/Financial Institution",CH,corner.ch,https://www.corner.ch,duckduckgo_search,FOUND
1045,"West Yorkshire Pension Fund LGPS","Pension - Public",GB,wypf.org.uk,https://www.wypf.org.uk,duckduckgo_search,FOUND
1046,"Public Employees Retirement System of Mississippi (PERS)","Pension - Private Non-ERISA",US,pers.ms.gov,https://www.pers.ms.gov,duckduckgo_search,FOUND
1048,Allstate,Insurer,US,allstate.com,https://www.allstate.com,direct_website,FOUND
1049,"Virginia Commonwealth University","Non-Profit - Endowment",US,vcimco.com,,duckduckgo_search,FOUND
1050,"Virginia Retirement System (VRS)","Pension - Private Non-ERISA",US,varetire.org,https://www.varetire.org,duckduckgo_search,FOUND
1051,"CRTS - EverestRe",Insurer,GB,news.ambest.com,https://news.ambest.com,duckduckgo_search,FOUND
1052,"CRTS - MSIG",Insurer,GB,ms-ins.com,https://www.ms-ins.com,duckduckgo_search,FOUND
1053,"CRTS - Canopius",Insurer,GB,canopius.com,https://www.canopius.com,duckduckgo_search,FOUND
1063,"Carnegie Foundation","Non-Profit - Foundation",US,carnegiefoundation.org,https://www.carnegiefoundation.org,direct_website,FOUND
1064,"KSU Foundation (Kansas State University)","Non-Profit - Foundation",US,ksufoundation.org,https://www.ksufoundation.org,duckduckgo_search,FOUND
1068,"Blahval Capital","Family Office",SG,blahvalcapital.com,https://www.blahvalcapital.com,duckduckgo_search,FOUND
1069,Weybourne,"Family Office","GB,SG",straitstimes.com,,duckduckgo_search,FOUND
1070,"GM Asset Management (General Motors)","Pension - Private ERISA",US,generalmotorspension.com,https://www.generalmotorspension.com,duckduckgo_search,FOUND
1072,"Newmarket Capital",Competitor,US,newmarket.com,https://www.newmarket.com,direct_website,FOUND
1073,"ArrowMark Partners",Competitor,US,arrowmark.com,https://www.arrowmark.com,direct_website,FOUND
1075,"Chorus Capital",Competitor,GB,meetjamie.ai,https://www.meetjamie.ai,duckduckgo_search,FOUND
1076,M&G,Competitor,GB,mg.com,https://www.mg.com,direct_website,FOUND
1077,"Pemberton Asset Management",Competitor,GB,rocketreach.co,https://www.rocketreach.co,duckduckgo_search,FOUND
1078,"Seer Capital",Competitor,US,marketbeat.com,,duckduckgo_search,FOUND
1080,"Stone Temple Partners","Fund of Funds",US,adviserinfo.sec.gov,https://www.adviserinfo.sec.gov,duckduckgo_search,FOUND
1081,"Volkswagen Group","Foreign Pension",DE,volkswagen.com,https://www.volkswagen.com,direct_website,FOUND
1082,"New York State Teachers Retirement System (NYSTRS)","Pension - Public",US,nystrs.org,https://nystrs.org,duckduckgo_search,FOUND
1084,"Massachusetts Pension Reserves Investment Management (MassPrim, PRIM)","Pension - Public",US,mapension.com,https://www.mapension.com,duckduckgo_search,FOUND
1085,"Swiss Re (Asset-side)",Insurer,CH,swissre.com,,duckduckgo_search,FOUND
1086,Innocap,"Managed Account Platform",CA,innocap.com,https://www.innocap.com,direct_website,FOUND
1087,"Crimson Lion","Family Office",US,crimsonlion.net,https://www.crimsonlion.net,direct_website,FOUND
1088,"Lehigh University","Non-Profit - Endowment",US,www2.lehigh.edu,https://www2.lehigh.edu,duckduckgo_search,FOUND
1090,"Chenavari Investment Managers",Competitor,GB,cbinsights.com,https://www.cbinsights.com,duckduckgo_search,FOUND
1091,"Crescent Capital",Competitor,US,crescent.org,https://www.crescent.org,direct_website,FOUND
1092,"Mizuho Securities","Bank/Financial Institution",JP,mizuhogroup.com,https://www.mizuhogroup.com,duckduckgo_search,FOUND
1093,"Savvy Wealth",Other,US,savvywealth.com,https://www.savvywealth.com,direct_website,FOUND
1094,"Jacksonville City Employees Retirement System","Non-Profit - Endowment",US,jacksonville.gov,https://www.jacksonville.gov,duckduckgo_search,FOUND
1095,"INTERA Investments","Family Office",AE,linkedin.com,https://www.linkedin.com,duckduckgo_search,FOUND
1096,"Community Capital","Fund of Funds",AU,community.com,https://www.community.com,direct_website,FOUND
1097,"Mill Trust","Family Office","AE,SG",milltrust.com,,duckduckgo_search,FOUND
1098,"Alfin Company","Family Office","PT,LU",alfin.company,https://www.alfin.company,duckduckgo_search,FOUND
1099,Willgrow,"Family Office",LT,willgrow.com,https://www.willgrow.com,direct_website,FOUND
1100,OMERS,"Foreign Pension","CA,GB",members.omers.com,https://www.members.omers.com,duckduckgo_search,FOUND
1101,"Huntington Ingalls Industries, Inc. (HII)","Pension - Private ERISA",US,hiierisasettlement.com,https://www.hiierisasettlement.com,duckduckgo_search,FOUND
1102,"Redington Consulting",Consultant,GB,reddingtonconsulting.com,https://www.reddingtonconsulting.com,duckduckgo_search,FOUND
1103,"Sompo Insurance",Insurer,"GB,BM",sompo-intl.com,,duckduckgo_search,FOUND
1104,Shamal,"Family Office",AE,shamal.com,,duckduckgo_search,FOUND
1105,"Baillie Gifford","Fund of Funds",GB,bailliegifford.com,https://www.bailliegifford.com,direct_website,FOUND
1106,"Delaware Life/Group1001",Insurer,US,delawarelife.com,https://www.delawarelife.com,duckduckgo_search,FOUND
1108,Azimut,Corporate,US,azimut.net,https://www.azimut.net,direct_website,FOUND
1109,"Bayshore Capital","Family Office",US,bayshore.com,https://www.bayshore.com,direct_website,FOUND
1110,"BJC Healthcare","Non-Profit - Foundation",US,bjchealthcare.com,,direct_website,FOUND
1111,"BluePrint Capital Advisors",Corporate,US,blueprint.com,https://www.blueprint.com,direct_website,FOUND
1113,"City of San Jose (San Jose Police and Fire Retirement Plan and the San José Federated City Employees","Pension - Public",US,sanjoseca.gov,,duckduckgo_search,FOUND
1114,"Cliffwater Interval Fund",Corporate,US,cliffwaterfunds.com,https://www.cliffwaterfunds.com,duckduckgo_search,FOUND
1115,"CM Capital",Corporate,US,cm.com,https://www.cm.com,direct_website,FOUND
1116,"Cornerstone Partners","Fund of Funds",US,cornerstone.com,https://www.cornerstone.com,direct_website,FOUND
1117,"Delta Air Lines","Pension - Private ERISA",US,planadviser.com,https://www.planadviser.com,duckduckgo_search,FOUND
1118,"DTE Energy","Pension - Private ERISA",US,dteenergy.com,https://www.dteenergy.com,direct_website,FOUND
1119,"DuPont Pension Plan","Pension - Private ERISA",US,plansponsor.com,https://www.plansponsor.com,duckduckgo_search,FOUND
1120,"EquiTrust Life Insurance Company",Insurer,US,equitrust.com,https://www.equitrust.com,duckduckgo_search,FOUND
1121,"Fiat / Chrysler","Pension - Private ERISA",US,fcaretirees.com,https://www.fcaretirees.com,duckduckgo_search,FOUND
1122,Fiera,"Fund of Funds",US,fiera.com,https://www.fiera.com,direct_website,FOUND
1123,"Franklin Park",Consultant,US,franklinpark.org,https://www.franklinpark.org,direct_website,FOUND
1124,"Hershey Trust Company","Non-Profit - Foundation",US,mshersheyfoundation.org,https://mshersheyfoundation.org,duckduckgo_search,FOUND
1125,HighVista,Corporate,US,highvista.com,https://www.highvista.com,direct_website,FOUND
1126,"ICG Advisors","Family Office",US,icgam.com,,duckduckgo_search,FOUND
1127,Investure,Corporate,US,investure.com,https://www.investure.com,direct_website,FOUND
1128,"Kansas State University","Non-Profit - Endowment",US,ksufoundation.org,https://www.ksufoundation.org,duckduckgo_search,FOUND
1129,"Lakeview Capital","Family Office",US,lakeview.com,https://www.lakeview.com,direct_website,FOUND
1130,"Lockheed Martin","Pension - Private ERISA",US,lockheedmartin.com,https://www.lockheedmartin.com,direct_website,FOUND
1131,"Maryland State Employees","Pension - Public",US,sra.maryland.gov,https://www.sra.maryland.gov,duckduckgo_search,FOUND
1132,Premia,Insurer,US,premia.com,https://www.premia.com,direct_website,FOUND
1133,Provenio,Corporate,US,provenio.com,https://www.provenio.com,direct_website,FOUND
1134,"San Bernardino County Employees Retirement Association (SBCERA)","Pension - Public",US,sbcera.org,https://www.sbcera.org,duckduckgo_search,FOUND
1135,"Wells Fargo Private Bank","Bank/Financial Institution",US,wellsfargo.com,https://www.wellsfargo.com,duckduckgo_search,FOUND
1136,"Laird Norton Wetherby",Corporate,US,lairdnorton.com,https://www.lairdnorton.com,duckduckgo_search,FOUND
1137,"Hirtle, Callaghan & Co.",Corporate,US,hirtlecallaghan.com,https://www.hirtlecallaghan.com,duckduckgo_search,FOUND
1138,"Jordan Park",Corporate,US,jordanpark.com,https://www.jordanpark.com,direct_website,FOUND
1139,"Canterbury Consulting",Consultant,US,canterburyconsulting.com,https://www.canterburyconsulting.com,direct_website,FOUND
1140,"University of Texas Investment Management Company (UTIMCO)","Non-Profit - Endowment",US,utimco.org,https://www.utimco.org,duckduckgo_search,FOUND
1141,Mirabaud,"Bank/Financial Institution",CH,mirabaud.com,,duckduckgo_search,FOUND
1142,"Pacific Life (PacLife)",Insurer,US,pacificlife.com,https://www.pacificlife.com,duckduckgo_search,FOUND
1143,"Orange County Employees Retirement System (OCERS)","Pension - Public",US,ocers.org,https://www.ocers.org,duckduckgo_search,FOUND
1144,"New Mexico State Investment Council","Non-Profit - Other",US,sic.state.nm.us,,duckduckgo_search,FOUND
1145,"Public Employees Retirement Association of New Mexico (New Mexico PERA)","Pension - Public",US,nmpera.org,,duckduckgo_search,FOUND
1146,"New Mexico Educational Retirement Board","Pension - Public",US,erb.nm.gov,http://erb.nm.gov,duckduckgo_search,FOUND
1147,"National Bank of Canada","Bank/Financial Institution",CA,nbc.ca,https://www.nbc.ca,duckduckgo_search,FOUND
1148,"Nassau RE",Insurer,KY,nsre.ky,https://www.nsre.ky,duckduckgo_search,FOUND
1149,"YieldStreet (Yield Street)",Corporate,US,cnbc.com,https://www.cnbc.com,duckduckgo_search,FOUND
1150,"Washington University in St. Louis","Non-Profit - Endowment",US,endowment.wustl.edu,http://www.endowment.wustl.edu,duckduckgo_search,FOUND
1151,"Vanderbilt University","Non-Profit - Endowment",US,vanderbilt.edu,https://www.vanderbilt.edu,duckduckgo_search,FOUND
1152,"University of Wisconsin","Non-Profit - Endowment",US,supportuw.org,,duckduckgo_search,FOUND
1153,"University of Virginia","Non-Profit - Endowment",US,endowments.virginia.edu,http://endowments.virginia.edu,duckduckgo_search,FOUND
1154,"University of Minnesota","Non-Profit - Endowment",US,give.umn.edu,https://www.give.umn.edu,duckduckgo_search,FOUND
1155,"University of Michigan","Non-Profit - Endowment",US,record.umich.edu,,duckduckgo_search,FOUND
1156,"Segal Marco",Consultant,US,segalmarco.com,https://www.segalmarco.com,direct_website,FOUND
1157,"UNC Management Company (UNCMC, University of North Carolina)","Non-Profit - Endowment",US,uncmc.unc.edu,https://www.uncmc.unc.edu,duckduckgo_search,FOUND
1158,Spruceview,Corporate,US,,,not_found,NOT_FOUND
1159,"Koch Industries Employees Pension Plan / Koch Pension / Koch Treasury","Pension - Private ERISA",US,,,not_found,NOT_FOUND
1160,Hostplus,"Foreign Pension",AU,hostplus.com.au,https://www.hostplus.com.au,duckduckgo_search,FOUND
1161,CBUS,"Foreign Pension",AU,cbussuper.com.au,https://www.cbussuper.com.au,duckduckgo_search,FOUND
1162,Frontier,Consultant,AU,frontier.com,https://www.frontier.com,direct_website,FOUND
1163,Jana,Consultant,AU,jana.com.au,https://www.jana.com.au,duckduckgo_search,FOUND
1164,"Brit Insurance",Insurer,GB,britinsurance.com,https://www.britinsurance.com,duckduckgo_search,FOUND
1165,"HVB Pension","Foreign Pension",DE,,,not_found,NOT_FOUND
1166,"Stella Vermögensverwaltungs GmbH","Family Office",DE,mandg.com,https://www.mandg.com,duckduckgo_search,FOUND
1167,"Maine Community Foundation","Non-Profit - Foundation",US,mainecf.org,https://www.mainecf.org,duckduckgo_search,FOUND
1168,"AXA Investment Managers",Competitor,FR,rocketreach.co,https://www.rocketreach.co,duckduckgo_search,FOUND
1169,"CQS Investment Management (Manulife)",Competitor,,tracxn.com,https://www.tracxn.com,duckduckgo_search,FOUND
1170,"Magnetar Capital",Competitor,,craft.co,https://www.craft.co,duckduckgo_search,FOUND
1171,"Polar Asset Management",Competitor,,marketbeat.com,,duckduckgo_search,FOUND
1172,"Cheyne Capital",Competitor,GB,owler.com,,duckduckgo_search,FOUND
1173,"Marylebone Partners","Family Office",GB,marylebone.org,https://www.marylebone.org,direct_website,FOUND
1174,"SNB Capital","Bank/Financial Institution",SA,snb.org,https://www.snb.org,direct_website,FOUND
1175,"Zurich Insurance",Insurer,CH,zurich.com,https://www.zurich.com,duckduckgo_search,FOUND
1176,"Alpinum Investment Management","Family Office",CH,alpinumim.com,https://www.alpinumim.com,duckduckgo_search,FOUND
1177,Complementa,Consultant,CH,complementa.com,https://www.complementa.com,direct_website,FOUND
1178,"Morgenroth Family Office","Family Office",,mergr.com,,duckduckgo_search,FOUND
1179,"Principal Vermögensverwaltung AG","Family Office",CH,principal.li,https://www.principal.li,duckduckgo_search,FOUND
1180,Kontora,"Family Office",DE,kontora.com,https://www.kontora.com,direct_website,FOUND
1181,"Satori Alpha","Fund of Funds",US,satoricapital.com,https://www.satoricapital.com,duckduckgo_search,FOUND
1182,"CRTS - Nationwide Financial",Insurer,GB,nationwidefinancial.com,https://www.nationwidefinancial.com,duckduckgo_search,FOUND
1183,"UBS Group AG",Competitor,CH,financialcontent.com,https://www.financialcontent.com,duckduckgo_search,FOUND
1184,"Jain Global",Competitor,US,jainglobal.com,https://www.jainglobal.com,direct_website,FOUND
1185,Santander,Competitor,ES,santander.com,https://www.santander.com,direct_website,FOUND
1186,PGGM,Competitor,NL,owler.com,,duckduckgo_search,FOUND
1187,APK,"Pension - Private Non-ERISA",AT,apk.com,https://www.apk.com,direct_website,FOUND
1188,Wilshire,Consultant,"US,CA,OE1",wilshire.com,https://www.wilshire.com,duckduckgo_search,FOUND
1189,"Roots Investments","Family Office",NL,altss.com,https://www.altss.com,duckduckgo_search,FOUND
1190,"SEAM Investments","Family Office",NL,seaminvestments.nl,https://www.seaminvestments.nl,duckduckgo_search,FOUND
1191,"Optima Asset Management","Fund of Funds",US,optima.com,https://www.optima.com,duckduckgo_search,FOUND
1192,"AB2 Capital Partners","Family Office",US,ab2.org,https://ab2.org,direct_website,FOUND
1193,"Raptor Group","Family Office",US,raptor.com,https://www.raptor.com,direct_website,FOUND
1194,"TAG Associates","Family Office",US,tagassoc.com,https://www.tagassoc.com,duckduckgo_search,FOUND
1195,"Pearl Diver Capital",Competitor,,g2.com,,duckduckgo_search,FOUND
1197,"Marquette Associates",Consultant,US,marquetteassociates.com,https://www.marquetteassociates.com,direct_website,FOUND
1198,"Tennessee Consolidated Retirement System (TCRS)","Pension - Public",US,treasury.tn.gov,https://treasury.tn.gov,duckduckgo_search,FOUND
1199,"Georgetown University Investment Office","Non-Profit - Endowment",US,investments.georgetown.edu,https://investments.georgetown.edu,duckduckgo_search,FOUND
1200,"RTX Corporation","Pension - Private ERISA",US,rtx.com,https://www.rtx.com,direct_website,FOUND
1201,"Tulane University Investment Management Office","Non-Profit - Endowment",US,endowment.tulane.edu,https://endowment.tulane.edu,duckduckgo_search,FOUND
1202,"CV Advisors","Family Office",US,cv.com,https://www.cv.com,direct_website,FOUND
1203,"Windmark Investment Partners",Corporate,US,windmarkip.com,https://www.windmarkip.com,duckduckgo_search,FOUND
1204,"Hartford Investment Management Company","Fund of Funds",US,hartfordfunds.com,,duckduckgo_search,FOUND
1205,"IAM National Pension Fund (International Association of Machinists and Aerospace Workers)","Pension - Private ERISA",US,iamnpf.org,https://www.iamnpf.org,duckduckgo_search,FOUND
1206,"Central Pension Fund of the International Union of Operating Engineers and Participating Employers","Pension - Private ERISA",US,cpfiuoe.org,https://www.cpfiuoe.org,duckduckgo_search,FOUND
1207,"CIGNA Corporation","Pension - Private ERISA",US,plansponsor.com,https://www.plansponsor.com,duckduckgo_search,FOUND
1208,"Sacramento County Employees Retirement System (SCERS)","Pension - Public",US,scers.gov,https://www.scers.gov,duckduckgo_search,FOUND
1209,"Elevation Point",Corporate,US,elevationpoint.com,https://www.elevationpoint.com,direct_website,FOUND
1210,"University of Utah Endowment","Non-Profit - Endowment",US,giving.utah.edu,https://giving.utah.edu,duckduckgo_search,FOUND
1211,"Foresters Friendly Society",Insurer,GB,forestersfriendlysociety.co.uk,https://www.forestersfriendlysociety.co.uk,duckduckgo_search,FOUND
1212,"Vermont Pension Investment Committee","Pension - Public",US,vpic.vermont.gov,,duckduckgo_search,FOUND
1214,"GS Enterprises Srl","Family Office",RO,totalfirme.ro,,duckduckgo_search,FOUND
1215,"Williams College","Non-Profit - Endowment",US,investment.williams.edu,,duckduckgo_search,FOUND
1216,"Golden Rock Capital","Family Office",IL,linkedin.com,https://www.linkedin.com,duckduckgo_search,FOUND
1217,Meitav,"Pension - Private Non-ERISA",IL,meitav.com,https://www.meitav.com,direct_website,FOUND
1218,Harel,"Pension - Private Non-ERISA",IL,harel-group.co.il,https://www.harel-group.co.il,duckduckgo_search,FOUND
1219,Altschuler,"Pension - Private Non-ERISA",IL,as-invest.co.il,https://as-invest.co.il,duckduckgo_search,FOUND
1220,"Los Angeles County Employees Retirement Association (LACERA)","Pension - Public",US,lacera.gov,https://www.lacera.gov,duckduckgo_search,FOUND
1221,"Tulare County Employees Retirement Association (TCERA)","Pension - Public",US,tcera.org,,duckduckgo_search,FOUND
1222,"Fresno County Employees Retirement Association","Pension - Public",US,fcera.gov,https://www.fcera.gov,duckduckgo_search,FOUND
1223,"North Dakota Public Employees Retirement System (NDPERS)","Pension - Public",US,ndpers.nd.gov,https://www.ndpers.nd.gov,duckduckgo_search,FOUND
1224,"Monticello Associates",Consultant,US,monticelloassociates.com,,duckduckgo_search,FOUND
1225,"Citi Pension","Pension - Private ERISA",US,citibenefits.com,https://www.citibenefits.com,duckduckgo_search,FOUND
1226,"Dock Street","Family Office",US,dockstreet.com,https://www.dockstreet.com,direct_website,FOUND
1227,"KAUST (King Abdullah University of Science and Technology)","Non-Profit - Endowment","US,SA",en.wikipedia.org,,duckduckgo_search,FOUND
1228,"SCS Financial Services","Family Office",US,scsfinancial.com,https://www.scsfinancial.com,duckduckgo_search,FOUND
1229,"Oregon State Treasury","Pension - Public",US,oregon.gov,https://www.oregon.gov,duckduckgo_search,FOUND
1230,"Nebraska Investment Council","Pension - Public",US,,,not_found,NOT_FOUND
1231,"Teachers Retirement System of Louisiana","Pension - Public",US,trsl.org,https://www.trsl.org,duckduckgo_search,FOUND
1232,"Strategic Investment Group","Fund of Funds",US,strategicinvestment.net,https://strategicinvestment.net,direct_website,FOUND
1233,"Rosherville Capital","Family Office",AU,roshervillecapital.com,https://www.roshervillecapital.com,duckduckgo_search,FOUND
1234,"Oklahoma Teachers Retirement System","Pension - Public",US,oklahoma.gov,https://www.oklahoma.gov,duckduckgo_search,FOUND
1235,"San Diego County Employment Retirement Association","Pension - Public",US,sdcera.org,https://www.sdcera.org,duckduckgo_search,FOUND
1236,"Nuclear Electric Insurance Limited",Other,US,myneil.com,https://www.myneil.com,duckduckgo_search,FOUND
1237,"Sonoma County Employees Retirement Association","Pension - Public",US,scretire.org,https://www.scretire.org,duckduckgo_search,FOUND
1238,"Thomas Jefferson University","Non-Profit - Endowment",US,thomasjeffersonuniversity.org,https://www.thomasjeffersonuniversity.org,direct_website,FOUND
1239,"Merrimac Corporation","Family Office",US,merricorp.com,https://www.merricorp.com,duckduckgo_search,FOUND
1240,"Wilmington Trust",Other,US,wilmingtontrust.com,https://www.wilmingtontrust.com,direct_website,FOUND
1241,"La Caisse","Pension - Public",CA,lacaisse.com,https://www.lacaisse.com,direct_website,FOUND
1242,"Princeton University Investment Company","Non-Profit - Endowment",US,princo.princeton.edu,https://princo.princeton.edu,duckduckgo_search,FOUND
1243,"Deutsche Betriebsrenten Holding GmbH KG","Foreign Pension",DE,dbr-holding.de,https://www.dbr-holding.de,duckduckgo_search,FOUND
1244,Variant,"Fund of Funds",US,variant.net,https://www.variant.net,direct_website,FOUND
1245,"Northwestern Mutual Life Insurance Company",Insurer,US,northwesternmutual.com,https://www.northwesternmutual.com,duckduckgo_search,FOUND
1246,"Teachers Insurance and Annuity Association of America",Insurer,US,tiaa.org,https://tiaa.org,duckduckgo_search,FOUND
1247,"New York State Common Retirement Fund","Pension - Public",US,osc.ny.gov,https://www.osc.ny.gov,duckduckgo_search,FOUND
1248,"Washington State Investment Board","Pension - Public",US,sib.wa.gov,https://www.sib.wa.gov,duckduckgo_search,FOUND
1249,"British Columbia Investment Management Corporation","Fund of Funds",CA,bci.ca,https://www.bci.ca,duckduckgo_search,FOUND
1250,"WE Family Offices","Family Office",US,wefamilyoffices.com,https://www.wefamilyoffices.com,direct_website,FOUND
1251,Lufin,"Family Office",US,linkedin.com,https://www.linkedin.com,duckduckgo_search,FOUND
1252,"Museum of Modern Art (MoMA)","Non-Profit - Foundation",US,moma.org,,duckduckgo_search,FOUND
1253,"American General Life Insurance Company",Insurer,US,americangeneraltermlife.com,https://www.americangeneraltermlife.com,duckduckgo_search,FOUND
1254,"North Carolina Retirement Systems","Pension - Public",US,myncretirement.gov,,duckduckgo_search,FOUND
1255,"The Observatory","Family Office",US,theobservatory.at,https://www.theobservatory.at,direct_website,FOUND
1256,"Somers Re",Insurer,BM,somersgroup.com,,duckduckgo_search,FOUND
1257,"Smith College","Non-Profit - Endowment",US,smith.edu,https://www.smith.edu,duckduckgo_search,FOUND
1258,"Silver Creek","Fund of Funds",US,silvercreek.com,https://www.silvercreek.com,direct_website,FOUND
1259,SECOR,Corporate,US,secoronline.com,https://secoronline.com,duckduckgo_search,FOUND
1260,"Shepherd Kaplan Krochuk",Corporate,US,skk-llc.com,https://www.skk-llc.com,duckduckgo_search,FOUND
1261,"Ohana Advisors",Corporate,US,pitchbook.com,,duckduckgo_search,FOUND
1262,Medley,"Family Office",US,medley.at,https://www.medley.at,direct_website,FOUND
1263,"Falcon Money Management","Fund of Funds",GB,falconmoneymanagement.com,https://www.falconmoneymanagement.com,duckduckgo_search,FOUND
1264,"Corient Private Wealth",Corporate,US,corient.com,,duckduckgo_search,FOUND
1265,"University of Notre Dame Investment Office","Non-Profit - Endowment",US,investment.nd.edu,https://investment.nd.edu,duckduckgo_search,FOUND
1266,"Prime Buchholz",Corporate,US,primebuchholz.com,https://www.primebuchholz.com,direct_website,FOUND
1267,"HB Wealth (Homrich Berg Wealth)","Family Office",US,hbwealth.com,https://www.hbwealth.com,duckduckgo_search,FOUND
1268,"GE (General Electric) Pension Plan","Pension - Private ERISA",US,401kspecialistmag.com,https://www.401kspecialistmag.com,duckduckgo_search,FOUND
1269,Commonfund,"Fund of Funds",US,commonfund.org,https://www.commonfund.org,direct_website,FOUND
1270,"Carilion Clinic","Non-Profit - Foundation",US,carilionclinic.com,https://carilionclinic.com,direct_website,FOUND
1271,"Baylor University","Non-Profit - Endowment",US,investments.web.baylor.edu,http://www.investments.web.baylor.edu,duckduckgo_search,FOUND
1272,"Seattle Children’s","Non-Profit - Foundation",US,seattlechildrens.org,https://www.seattlechildrens.org,duckduckgo_search,FOUND
1273,"University of Washington","Non-Profit - Endowment",US,uwinco.uw.edu,http://www.uwinco.uw.edu,duckduckgo_search,FOUND
1274,"Cambridge Associates",Consultant,US,cambridgeassociates.com,https://www.cambridgeassociates.com,direct_website,FOUND
1275,"Municipal Fire & Police Retirement System of Iowa (MFPRSI)","Non-Profit - Foundation",US,mfprsi.org,https://www.mfprsi.org,duckduckgo_search,FOUND
1276,"Northwestern Medicine (Northwestern Memorial Foundation)","Non-Profit - Foundation",US,nm.org,https://www.nm.org,duckduckgo_search,FOUND
1277,RVK,Consultant,US,rvk.at,https://www.rvk.at,direct_website,FOUND
1278,"Verus Investments",Consultant,US,verusinvestments.com,https://www.verusinvestments.com,duckduckgo_search,FOUND
1279,"Itaú Asset Management","Fund of Funds","US,BR",itauassetmanagement.us,,duckduckgo_search,FOUND
1280,"Vinci Partners (Vinci Compass)","Fund of Funds",US,d2ghdaxqb194v2.cloudfront.net,,duckduckgo_search,FOUND
1281,PURE,Insurer,US,pure.com,https://www.pure.com,direct_website,FOUND
1282,"Mariner Institutional",Consultant,US,marinerwealthadvisors.com,,duckduckgo_search,FOUND
1283,Bfinance,Consultant,GB,bfinance.com,https://www.bfinance.com,direct_website,FOUND
1284,"North Dakota State Investment Board (North Dakota SIB)","Pension - Public",US,rio.nd.gov,https://www.rio.nd.gov,duckduckgo_search,FOUND
1285,"Fund Evaluation Group (FEG)","Fund of Funds",US,feg.com,https://www.feg.com,duckduckgo_search,FOUND
1286,"Gore Creek","Family Office",US,gorecreekholdings.com,https://www.gorecreekholdings.com,duckduckgo_search,FOUND
1287,"Mother Cabrini Health Foundation (MCHF)","Non-Profit - Foundation",US,cabrinihealth.org,https://www.cabrinihealth.org,duckduckgo_search,FOUND
1288,"Heinz Family Office","Family Office",US,linkedin.com,https://www.linkedin.com,duckduckgo_search,FOUND
1289,"Harry and Jeanette Weinberg Foundation (H&J Weinberg Foundation)","Non-Profit - Foundation",US,hjweinbergfoundation.org,https://www.hjweinbergfoundation.org,duckduckgo_search,FOUND
1290,"Rainwater Charitable Foundation","Non-Profit - Foundation",US,rainwatercharitablefoundation.org,https://www.rainwatercharitablefoundation.org,direct_website,FOUND
1291,"Accumulus Capital Management","Fund of Funds",US,accumulus.net,https://accumulus.net,direct_website,FOUND
1292,"Los Angeles Fire & Police Pension Fund","Pension - Public",US,lafpp.lacity.gov,https://lafpp.lacity.gov,duckduckgo_search,FOUND
1293,"AlphaCore Wealth Advisory",Other,US,alphacore.com,,duckduckgo_search,FOUND
1294,"JR Miller / Dakota Pacific",Corporate,US,dakotapacific.com,https://www.dakotapacific.com,duckduckgo_search,FOUND
1295,"Avalon Capital (American Endowment Foundation DAF)","Family Office",US,aefonline.org,https://www.aefonline.org,duckduckgo_search,FOUND
1296,"50 South Capital Advisors (Northern Trust Asset Management)","Fund of Funds",US,northerntrust.com,https://www.northerntrust.com,duckduckgo_search,FOUND
1297,"Matter Family Office","Family Office",US,matterfamilyoffice.com,https://www.matterfamilyoffice.com,direct_website,FOUND
1298,"Pathway Capital Management",Other,US,pathway.com,https://www.pathway.com,direct_website,FOUND
1299,"John D. and Catherine T. MacArthur Foundation","Non-Profit - Foundation",US,macfound.org,https://www.macfound.org,duckduckgo_search,FOUND
1300,"Teachers Retirement System of the State of Illinois","Pension - Public",US,trsil.org,https://www.trsil.org,duckduckgo_search,FOUND
1301,"Policemen’s Annuity and Benefit Fund of Chicago","Pension - Public",US,chipabf.org,https://www.chipabf.org,duckduckgo_search,FOUND
1302,NEPC,Consultant,US,nepc.org,https://www.nepc.org,direct_website,FOUND
1303,"Alaska Retirement Management Board","Pension - Public",US,drb.alaska.gov,https://drb.alaska.gov,duckduckgo_search,FOUND
1304,"New York State Nurses Association Pension Plan (NYSNA)","Pension - Public",US,rnbenefits.org,https://www.rnbenefits.org,duckduckgo_search,FOUND
1305,"Seattle City Employees Retirement System","Pension - Public",US,seattle.gov,https://www.seattle.gov,duckduckgo_search,FOUND
1306,"Arkansas Teachers Retirement System","Pension - Public",US,artrs.gov,https://www.artrs.gov,duckduckgo_search,FOUND
1307,"Denver Employees Retirement Plan","Pension - Public",US,denvergov.org,https://www.denvergov.org,duckduckgo_search,FOUND
1308,"Empirical Wealth Management",Other,US,empirical.net,https://www.empirical.net,duckduckgo_search,FOUND
1309,"UJA-Federation of New York","Non-Profit - Foundation",US,ujafedny.org,https://www.ujafedny.org,duckduckgo_search,FOUND
1310,"North Dakota Board of University and School Lands ","Pension - Public",US,ndpers.nd.gov,https://www.ndpers.nd.gov,duckduckgo_search,FOUND
1311,"Arizona State Retirement System","Pension - Public",US,azasrs.gov,,duckduckgo_search,FOUND
1312,"Centura Wealth Advisory",Other,US,centurawealth.com,https://www.centurawealth.com,direct_website,FOUND
1313,"Stanislaus County Employees’ Retirement Association","Pension - Public",US,stancera.org,https://www.stancera.org,duckduckgo_search,FOUND
1314,"Apollon Wealth Management",Other,US,,,not_found,NOT_FOUND
1315,Principia,"Pension - Private Non-ERISA",US,principia.net,https://www.principia.net,direct_website,FOUND
1316,"Mass General Brigham","Non-Profit - Other",US,massgeneralbrigham.org,https://www.massgeneralbrigham.org,direct_website,FOUND
1317,"State Universities Retirement System of Illinois (SURS)","Pension - Public",US,surs.org,https://www.surs.org,duckduckgo_search,FOUND
1318,"Firethorn Wealth Partners",Other,US,firethornwp.com,https://www.firethornwp.com,duckduckgo_search,FOUND
1319,"Texas Tech University System","Non-Profit - Endowment",US,texastech.edu,https://www.texastech.edu,duckduckgo_search,FOUND
1320,"The Townsend Group",Consultant,,townsendconsultinggroup.com,https://www.townsendconsultinggroup.com,duckduckgo_search,FOUND
1321,"Chicago Community Trust","Non-Profit - Foundation",US,cct.org,https://www.cct.org,duckduckgo_search,FOUND
1322,"Briar Hall, LLC.","Family Office",US,linkedin.com,https://www.linkedin.com,duckduckgo_search,FOUND
1323,"CommonSpirit Health","Non-Profit - Foundation",US,commonspirithealth.org,https://www.commonspirithealth.org,direct_website,FOUND
1324,"Advocate Aurora Health","Non-Profit - Foundation",US,advocateaurorahealth.org,https://www.advocateaurorahealth.org,direct_website,FOUND
1325,"York University Pension Fund","Pension - Private ERISA",CA,retire.info.yorku.ca,https://retire.info.yorku.ca,duckduckgo_search,FOUND
1326,"Providence St. Joseph Health","Non-Profit - Other",US,projects.propublica.org,https://projects.propublica.org,duckduckgo_search,FOUND
1327,"Cambridge Associates - Germany",Consultant,DE,cambridgeassociates.com,https://www.cambridgeassociates.com,duckduckgo_search,FOUND
1328,"Orchard Global",Competitor,,craft.co,https://www.craft.co,duckduckgo_search,FOUND
1329,"University of Tennessee","Non-Profit - Endowment",US,giving.utk.edu,https://giving.utk.edu,duckduckgo_search,FOUND
1331,"San Francisco City & County Employees’ Retirement System (SFERS)","Pension - Public",US,mysfers.org,https://www.mysfers.org,duckduckgo_search,FOUND
1332,"Teamsters Joint Council No. 83 of Virginia","Pension - Private ERISA",US,tjc83funds.org,https://tjc83funds.org,duckduckgo_search,FOUND
1333,"Kentucky Public Pensions Authority (KPPA)","Pension - Public",US,kyret.ky.gov,https://kyret.ky.gov,duckduckgo_search,FOUND
1334,"Iowa Public Employees Retirement System (IPERS)","Pension - Public",US,ipers.org,https://www.ipers.org,duckduckgo_search,FOUND
1335,"Boeing Company","Pension - Private ERISA",US,boeing.com,https://www.boeing.com,duckduckgo_search,FOUND
1337,"Aspen Insurance Group",Insurer,,aspen.co,,duckduckgo_search,FOUND
1338,"Santa Barbara County Employees Retirement System","Pension - Public",US,sbcers.org,https://www.sbcers.org,duckduckgo_search,FOUND
1339,"Johnson Financial Group",Other,US,johnsonfinancial.com,https://www.johnsonfinancial.com,direct_website,FOUND
1340,"San Mateo County Employees Retirement Association","Pension - Public",,samcera.gov,https://www.samcera.gov,duckduckgo_search,FOUND
1341,"Loyola University of Chicago","Non-Profit - Endowment",US,projects.propublica.org,https://projects.propublica.org,duckduckgo_search,FOUND
1342,"Moneta Group",Other,US,moneta.at,https://www.moneta.at,direct_website,FOUND
1343,"The Office of Hawaiian Affairs",Other,US,oha.org,https://www.oha.org,duckduckgo_search,FOUND
1344,Kirkoswald,Competitor,GB,kirkoswald.com,https://www.kirkoswald.com,direct_website,FOUND
1345,"Milwaukee County Employees Retirement System","Pension - Public",US,county.milwaukee.gov,,duckduckgo_search,FOUND
1346,"CIBC Pension Plan","Pension - Private Non-ERISA",CA,cibcmellon.com,https://www.cibcmellon.com,duckduckgo_search,FOUND
1347,"Institute of Advanced Study","Non-Profit - Endowment",US,en.wikipedia.org,,duckduckgo_search,FOUND
1348,"Clearstead Advisors","Wealth Manager",US,clearstead.com,,duckduckgo_search,FOUND
1349,"University of Chicago","Non-Profit - Endowment",US,news.uchicago.edu,https://news.uchicago.edu,duckduckgo_search,FOUND
1350,"Kansas Public Employees Retirement System","Pension - Public",US,kspers.gov,,duckduckgo_search,FOUND
1351,"Hornor, Townsend & Kent","Wealth Manager",US,htk.com,https://www.htk.com,duckduckgo_search,FOUND
1352,"Medford Retirement System","Pension - Public",US,medfordretirement.org,,duckduckgo_search,FOUND
1353,"Chicago Transit Authority Employees Retirement Plan","Pension - Public",US,ctaretirement.org,https://www.ctaretirement.org,duckduckgo_search,FOUND
1354,"Wedbush Securities","Wealth Manager",US,wedbush.com,https://www.wedbush.com,duckduckgo_search,FOUND
1355,"Minnesota State Board of Investments","Pension - Public",US,msbi.us,https://www.msbi.us,duckduckgo_search,FOUND
1356,"New Hampshire Retirement System","Pension - Public",US,nhrs.org,https://www.nhrs.org,duckduckgo_search,FOUND
1357,"Segitta FO","Family Office",DK,sagitta-investments.com,https://sagitta-investments.com,duckduckgo_search,FOUND
1358,"Amundi Asset Management","Fund of Funds",FR,amundi.com,https://www.amundi.com,duckduckgo_search,FOUND
1359,"Capman Wealth OY","Wealth Manager",FI,wealth.capman.com,https://wealth.capman.com,duckduckgo_search,FOUND
1360,"Cook County Annuity & Benefit Funds (CCPF)","Pension - Public",US,cookcountypension.com,https://www.cookcountypension.com,duckduckgo_search,FOUND
1361,"Marin County Employees Retirement Association (MCERA)","Pension - Public",US,mcera.org,,duckduckgo_search,FOUND
1362,"Orlando Firefighters Pension Fund","Pension - Public",US,orlando.gov,https://www.orlando.gov,duckduckgo_search,FOUND
1363,"Hampshire County Retirement System","Pension - Public",US,hampshireretirementma.org,https://www.hampshireretirementma.org,duckduckgo_search,FOUND
1364,"Cystic Fibrosis Foundation","Non-Profit - Foundation",US,cff.org,,duckduckgo_search,FOUND
1365,"Colorado Public Employees Retirement Association","Pension - Public",US,copera.org,https://www.copera.org,duckduckgo_search,FOUND
1367,"San Antonio Fire & Police Pension Fund","Pension - Public",US,safppf.org,,duckduckgo_search,FOUND
1368,"Massachusetts Water Resources Authority Employees Retirement System","Pension - Public",US,mwraretirement.com,,duckduckgo_search,FOUND
1369,"Prime Capital","Fund of Funds",DE,prime.org,https://www.prime.org,direct_website,FOUND
1370,Blackstone,Competitor,,marketbeat.com,,duckduckgo_search,FOUND
1371,"Bilton Holdings","Family Office",DE,bilton.com,https://www.bilton.com,direct_website,FOUND
1372,"Barclays Bank UK Retirement Fund","Foreign Pension",GB,assets-global.website-files.com,,duckduckgo_search,FOUND
1373,"San Joaquin County Employees Retirement Association (SJCERA)","Pension - Public",US,sjcera.org,https://www.sjcera.org,duckduckgo_search,FOUND
1374,"Aston Capital","Family Office",US,aston.net,https://www.aston.net,direct_website,FOUND
1375,"Aston Capital","Family Office",US,aston.net,https://www.aston.net,direct_website,FOUND
1376,"PGB Pension","Foreign Pension",NL,pensioenfondspgb.nl,https://www.pensioenfondspgb.nl,duckduckgo_search,FOUND
1377,"Cazenove Capital","Wealth Manager",GB,cazenove.com,https://www.cazenove.com,direct_website,FOUND
1378,"Hotel Employees Provident Fund","Foreign Pension",CY,hepfund.com.cy,,duckduckgo_search,FOUND
1379,"Dubai Holdings","Sovereign Wealth Fund",AE,dubai.com,https://www.dubai.com,direct_website,FOUND
1380,"Georgetown University Investment Office","Non-Profit - Endowment",US,investments.georgetown.edu,https://investments.georgetown.edu,duckduckgo_search,FOUND
1381,ICD,"Sovereign Wealth Fund",AE,icd.ae,https://www.icd.ae,direct_website,FOUND
1382,"KAMCO Invest",Corporate,KW,kamcoinvest.com,,duckduckgo_search,FOUND
1383,PIFSS,"Pension - Public",KW,pifss.gov.kw,https://www.pifss.gov.kw,duckduckgo_search,FOUND
1384,"Milaha Capital",Corporate,QA,milaha.com,,duckduckgo_search,FOUND
1385,"Bank of Ireland","Bank/Financial Institution",IE,bankofireland.com,,duckduckgo_search,FOUND
1386,Hiscox,Insurer,,hiscox.com,,duckduckgo_search,FOUND
1387,"Blenheim Underwriting",Insurer,GB,blenheim.co,https://www.blenheim.co,duckduckgo_search,FOUND
1388,"VBL Versorgungsanstalt des Bundes und der Länder","Foreign Pension",DE,vbl.de,,duckduckgo_search,FOUND
1389,"HUK Coburg",Insurer,DE,huk.de,,duckduckgo_search,FOUND
1390,"DePaul University","Non-Profit - Endowment",US,projects.propublica.org,https://projects.propublica.org,duckduckgo_search,FOUND
1391,"Paul R. Ried Financial Group","Wealth Manager",US,paulried.com,,duckduckgo_search,FOUND
1393,"United Nations Joint Staff Pension Fund","Pension - Public",US,unjspf.org,https://www.unjspf.org,duckduckgo_search,FOUND
1394,"Russell Wood Family Office","Family Office",GB,altss.com,https://www.altss.com,duckduckgo_search,FOUND
1395,"ASGA Pensionskasse","Foreign Pension",DE,asga.ch,https://www.asga.ch,duckduckgo_search,FOUND
1396,PIF,"Sovereign Wealth Fund",SA,pif.gov.sa,,duckduckgo_search,FOUND
1397,"Ascot Underwriting",Insurer,GB,ascotgroup.com,https://www.ascotgroup.com,duckduckgo_search,FOUND
1398,"GRSIA (Daman)","Pension - Public",QA,daman.gov.qa,https://www.daman.gov.qa,duckduckgo_search,FOUND
1399,"TD Prime Cap Intro",Other,US,bny.com,https://www.bny.com,duckduckgo_search,FOUND
1400,"Axa XL Insurance",Insurer,GB,axaxl.com,https://www.axaxl.com,duckduckgo_search,FOUND
1401,"State of Wisconsin Investment Board (SWIB)","Pension - Private Non-ERISA",US,swib.state.wi.us,https://www.swib.state.wi.us,duckduckgo_search,FOUND
1402,"Cathy Family Office","Family Office",US,lpallocator.com,,duckduckgo_search,FOUND
1403,"Stonebridge Financial Group","Wealth Manager",US,stonebridgefinancial.org,https://www.stonebridgefinancial.org,direct_website,FOUND
1404,Olayan,"Family Office",LI,olayan.com,https://www.olayan.com,direct_website,FOUND
1405,"Howard University","Non-Profit - Endowment",US,ed.gov,https://www.ed.gov,duckduckgo_search,FOUND
1406,"Cook Childrens Health Care System","Non-Profit - Foundation",US,cookchildrens.org,https://www.cookchildrens.org,duckduckgo_search,FOUND
1408,"Dilmon Capital","Family Office",QA,wealthbriefing.com,https://www.wealthbriefing.com,duckduckgo_search,FOUND
1409,"Conrad N. Hilton Foundation (Hilton Foundation)","Non-Profit - Foundation",US,hiltonfoundation.org,,duckduckgo_search,FOUND
1410,"Ten Capital / Cooper Family Office","Family Office",US,cooperfamilyoffice.com,https://www.cooperfamilyoffice.com,duckduckgo_search,FOUND
1411,AIG,Insurer,GB,aig.com,https://www.aig.com,direct_website,FOUND
1412,Logicon,"Family Office",AE,logicon.ae,https://www.logicon.ae,direct_website,FOUND
1413,"Chicago Partners Wealth Advisors (CP)","Wealth Manager",US,chicagowm.com,https://www.chicagowm.com,duckduckgo_search,FOUND
1414,"SAX Wealth Advisors","Wealth Manager",US,saxwa.com,https://www.saxwa.com,duckduckgo_search,FOUND
1415,"California State Teachers Retirement System (CalSTRS)","Pension - Public",US,calstrs.com,https://www.calstrs.com,duckduckgo_search,FOUND
1416,"Public Sector Pension Investment Board","Pension - Public",US,investpsp.com,https://www.investpsp.com,duckduckgo_search,FOUND
1417,"Drive Wealth Advisors","Wealth Manager",US,drivewealth.com,,duckduckgo_search,FOUND
1418,"University of Iowa Foundation","Non-Profit - Endowment",US,foriowa.org,https://www.foriowa.org,duckduckgo_search,FOUND
1419,"Fifth Third Wealth Advisors","Wealth Manager",US,53.com,https://www.53.com,duckduckgo_search,FOUND
1420,"Vegas Investment Management","Family Office",US,fundingstack.com,https://www.fundingstack.com,duckduckgo_search,FOUND
1421,"Klosters Capital LLC","Family Office",US,klosters.com,https://www.klosters.com,direct_website,FOUND
1422,"Employees Retirement System of Texas","Pension - Public",US,ers.texas.gov,https://www.ers.texas.gov,duckduckgo_search,FOUND
1423,"EP Wealth Advisors LLC","Family Office",US,epwealth.com,https://www.epwealth.com,direct_website,FOUND
1424,"Houston Police Officers Pension System","Pension - Public",US,hpops.org,https://www.hpops.org,duckduckgo_search,FOUND
1425,"Johns Hopkins University","Non-Profit - Endowment",US,projects.propublica.org,https://projects.propublica.org,duckduckgo_search,FOUND
1426,"Paris-Roubaix Group","Family Office",US,linkedin.com,https://www.linkedin.com,duckduckgo_search,FOUND
1427,"Helmsley Charitable Trust","Non-Profit - Foundation",US,helmsleytrust.org,https://www.helmsleytrust.org,duckduckgo_search,FOUND
1428,"Conrad N Hilton Foundation","Non-Profit - Foundation",US,hiltonfoundation.org,,duckduckgo_search,FOUND
1429,"Arta Finance","Wealth Manager",US,artafinance.com,https://www.artafinance.com,direct_website,FOUND
1430,"Bulltick Wealth Management","Wealth Manager",US,bulltick.com,https://www.bulltick.com,duckduckgo_search,FOUND
1431,"RockCreek Group","Fund of Funds",US,rockcreek.org,https://www.rockcreek.org,direct_website,FOUND
1432,"Rockcreek Group","Fund of Funds",US,rockcreek.org,https://www.rockcreek.org,direct_website,FOUND
1434,"Fund Evaluation Group (FEG)","Fund of Funds",US,feg.com,https://www.feg.com,duckduckgo_search,FOUND
1437,"Verizon Investment Management Corp. (VIMCO)","Pension - Private Non-ERISA",US,ainvest.com,https://www.ainvest.com,duckduckgo_search,FOUND
1438,"Man Group","Wealth Manager",US,man.com,https://www.man.com,direct_website,FOUND
1439,Porta,Other,,portaportal.com,https://www.portaportal.com,duckduckgo_search,FOUND
1440,"Souren Gharnagharian","Individual (HNW)",AE,bayes.citystgeorges.ac.uk,,duckduckgo_search,FOUND
1441,"Sovereign Financial Group","Wealth Manager",US,sovereign.global,https://www.sovereign.global,duckduckgo_search,FOUND
1442,"Oklahoma Municipal Retirement Fund","Pension - Public",US,okmrf.org,https://www.okmrf.org,duckduckgo_search,FOUND
1443,"Connecticut Retirement Plans & Trust Funds",Other,US,portal.ct.gov,https://www.portal.ct.gov,duckduckgo_search,FOUND
1444,"PBB Capital Partners",Other,US,erena.me,https://www.erena.me,duckduckgo_search,FOUND
1445,"Baltimore Fire & Police Employees Retirement System","Pension - Public",US,bcfpers.org,https://www.bcfpers.org,duckduckgo_search,FOUND
1446,"Welcy Capital Adivsors","Wealth Manager",US,welcycap.com,https://www.welcycap.com,duckduckgo_search,FOUND
1447,"California Public Employees Retirement System (CalPERS)","Pension - Public",US,calpers.ca.gov,https://www.calpers.ca.gov,duckduckgo_search,FOUND
1448,"City of Austin Employees Retirement System","Pension - Public",US,coaers.org,https://www.coaers.org,duckduckgo_search,FOUND
1449,"Rockefeller Capital Management / Rockefeller Global Family Office","Family Office",US,rockco.com,https://www.rockco.com,duckduckgo_search,FOUND
1450,"Knights of Columbus","Non-Profit - Foundation",US,knightsofcolumbus.org,https://www.knightsofcolumbus.org,direct_website,FOUND
1451,"Illinois Police & Fire","Pension - Public",US,ippfa.org,https://www.ippfa.org,duckduckgo_search,FOUND
1452,"Tacoma Employees Retirement System","Pension - Public",US,,,not_found,NOT_FOUND
1453,"Carson Group","Wealth Manager",US,carson.com,https://www.carson.com,direct_website,FOUND
1454,"Childrens Health System of Texas","Non-Profit - Foundation",US,,,not_found,NOT_FOUND
1455,"Montgomery County Employees Retirement System","Pension - Public",US,montgomerycountymd.gov,https://www.montgomerycountymd.gov,duckduckgo_search,FOUND
1456,"Hennion & Walsh Asset Management","Wealth Manager",US,hennionandwalsh.com,https://www.hennionandwalsh.com,duckduckgo_search,FOUND
1457,"Frederick County Employees Retirement System","Pension - Public",US,frederickcountymd.gov,https://www.frederickcountymd.gov,duckduckgo_search,FOUND
1459,"Angeles Investments",Consultant,US,angelesinvestments.com,https://www.angelesinvestments.com,direct_website,FOUND
1460,"Troviq Private Markets","Fund of Funds",,troviq.com,,duckduckgo_search,FOUND
1462,"R+V Re",Insurer,DE,rv-re.com,https://www.rv-re.com,duckduckgo_search,FOUND
1465,"William Blair & Company","Fund of Funds",US,,,not_found,NOT_FOUND
1466,"Aldasco Family Office","Family Office",US,familyofficehub.io,https://www.familyofficehub.io,duckduckgo_search,FOUND
1467,"Candian Pension Plan Investment Board","Pension - Public",CA,cppinvestments.com,https://www.cppinvestments.com,duckduckgo_search,FOUND
1468,"Investment Management Corporation of Ontario",Other,CA,investontario.ca,,duckduckgo_search,FOUND
1469,"Ontario Public Service Employees Union Pension Trust Fund","Pension - Public",CA,optrust.com,https://www.optrust.com,duckduckgo_search,FOUND
1470,"Andrew W Mellon Foundation","Non-Profit - Foundation",,mellon.org,https://www.mellon.org,duckduckgo_search,FOUND
1471,"Rutgers University","Non-Profit - Endowment",US,rutgersfoundation.org,https://www.rutgersfoundation.org,duckduckgo_search,FOUND
1472,"Oxford Financial Group","Family Office",US,ofgltd.com,https://www.ofgltd.com,duckduckgo_search,FOUND
1473,"First National Bank of Omaha","Wealth Manager",US,fnbo.com,https://www.fnbo.com,duckduckgo_search,FOUND
1474,"Barclays Prime Cap Intro",Other,US,bny.com,https://www.bny.com,duckduckgo_search,FOUND
1475,"Constellation Insurance",Insurer,US,constellationinsurance.com,,duckduckgo_search,FOUND
1476,"Curi Capital","Wealth Manager",US,curi.com,https://www.curi.com,direct_website,FOUND
1481,"Colorado Fire & Police","Pension - Public",US,fppaco.org,https://www.fppaco.org,duckduckgo_search,FOUND
1482,"Texas County & District Retirement System","Pension - Public",US,tcdrs.org,https://www.tcdrs.org,duckduckgo_search,FOUND
1483,"Eversource Energy",Corporate,US,eversource.com,https://www.eversource.com,duckduckgo_search,FOUND
1484,"Glenmede Trust","Family Office",US,glenmede.com,https://www.glenmede.com,duckduckgo_search,FOUND
1485,"Aksia (Hedge Fund Research Coverage)",Consultant,US,aksia.com,https://www.aksia.com,duckduckgo_search,FOUND
1486,"Bessemer Trust","Family Office",US,bessemertrust.com,https://www.bessemertrust.com,direct_website,FOUND
1487,"Epic Funds","Fund of Funds",US,epic-funds.com,https://www.epic-funds.com,duckduckgo_search,FOUND
